ZipCode;City_ID;State_ID;url
99867;19;16;https://www.immowelt.de/classified-search?distributionTypes=Buy,Buy_Auction,Compulsory_Auction&estateTypes=House,Apartment&locations=AD08DE10759
99734;36;16;https://www.immowelt.de/classified-search?distributionTypes=Buy,Buy_Auction,Compulsory_Auction&estateTypes=House,Apartment&locations=AD08DE10535
99428;54;16;https://www.immowelt.de/classified-search?distributionTypes=Buy,Buy_Auction,Compulsory_Auction&estateTypes=House,Apartment&locations=AD08DE10453
99099;65;16;https://www.immowelt.de/classified-search?distributionTypes=Buy,Buy_Auction,Compulsory_Auction&estateTypes=House,Apartment&locations=AD08DE10449
98711;71;16;https://www.immowelt.de/classified-search?distributionTypes=Buy,Buy_Auction,Compulsory_Auction&estateTypes=House,Apartment&locations=AD08DE10911
98529;71;16;https://www.immowelt.de/classified-search?distributionTypes=Buy,Buy_Auction,Compulsory_Auction&estateTypes=House,Apartment&locations=AD08DE10452
97424;235;9;https://www.immowelt.de/classified-search?distributionTypes=Buy,Buy_Auction,Compulsory_Auction&estateTypes=House,Apartment&locations=AD08DE7872
96450;316;9;https://www.immowelt.de/classified-search?distributionTypes=Buy,Buy_Auction,Compulsory_Auction&estateTypes=House,Apartment&locations=AD08DE7374
96052;397;9;https://www.immowelt.de/classified-search?distributionTypes=Buy,Buy_Auction,Compulsory_Auction&estateTypes=House,Apartment&locations=AD08DE7372
95448;447;9;https://www.immowelt.de/classified-search?distributionTypes=Buy,Buy_Auction,Compulsory_Auction&estateTypes=House,Apartment&locations=AD08DE7373
95032;490;9;https://www.immowelt.de/classified-search?distributionTypes=Buy,Buy_Auction,Compulsory_Auction&estateTypes=House,Apartment&locations=AD08DE7375
94315;572;9;https://www.immowelt.de/classified-search?distributionTypes=Buy,Buy_Auction,Compulsory_Auction&estateTypes=House,Apartment&locations=AD08DE6865
94036;628;9;https://www.immowelt.de/classified-search?distributionTypes=Buy,Buy_Auction,Compulsory_Auction&estateTypes=House,Apartment&locations=AD08DE6864
93489;635;9;https://www.immowelt.de/classified-search?distributionTypes=Buy,Buy_Auction,Compulsory_Auction&estateTypes=House,Apartment&locations=AD08DE7187
93059;719;9;https://www.immowelt.de/classified-search?distributionTypes=Buy,Buy_Auction,Compulsory_Auction&estateTypes=House,Apartment&locations=AD08DE7137
92224;814;9;https://www.immowelt.de/classified-search?distributionTypes=Buy,Buy_Auction,Compulsory_Auction&estateTypes=House,Apartment&locations=AD08DE7136
91474;910;9;https://www.immowelt.de/classified-search?distributionTypes=Buy,Buy_Auction,Compulsory_Auction&estateTypes=House,Apartment&locations=AD08DE7792
91058;996;9;https://www.immowelt.de/classified-search?distributionTypes=Buy,Buy_Auction,Compulsory_Auction&estateTypes=House,Apartment&locations=AD08DE7631
89522;1050;8;https://www.immowelt.de/classified-search?distributionTypes=Buy,Buy_Auction,Compulsory_Auction&estateTypes=House,Apartment&locations=AD08DE5538
89233;1104;9;https://www.immowelt.de/classified-search?distributionTypes=Buy,Buy_Auction,Compulsory_Auction&estateTypes=House,Apartment&locations=AD08DE8372
89081;1132;9;https://www.immowelt.de/classified-search?distributionTypes=Buy,Buy_Auction,Compulsory_Auction&estateTypes=House,Apartment&locations=AD08DE6156
88214;1219;8;https://www.immowelt.de/classified-search?distributionTypes=Buy,Buy_Auction,Compulsory_Auction&estateTypes=House,Apartment&locations=AD08DE6308
88048;1239;8;https://www.immowelt.de/classified-search?distributionTypes=Buy,Buy_Auction,Compulsory_Auction&estateTypes=House,Apartment&locations=AD08DE6261
87700;1280;9;https://www.immowelt.de/classified-search?distributionTypes=Buy,Buy_Auction,Compulsory_Auction&estateTypes=House,Apartment&locations=AD08DE8234
87600;1306;9;https://www.immowelt.de/classified-search?distributionTypes=Buy,Buy_Auction,Compulsory_Auction&estateTypes=House,Apartment&locations=AD08DE8232
86854;814;9;https://www.immowelt.de/classified-search?distributionTypes=Buy,Buy_Auction,Compulsory_Auction&estateTypes=House,Apartment&locations=AD08DE8486
86697;1414;9;https://www.immowelt.de/classified-search?distributionTypes=Buy,Buy_Auction,Compulsory_Auction&estateTypes=House,Apartment&locations=AD08DE6698
86673;1428;9;https://www.immowelt.de/classified-search?distributionTypes=Buy,Buy_Auction,Compulsory_Auction&estateTypes=House,Apartment&locations=AD08DE6703
86655;1436;9;https://www.immowelt.de/classified-search?distributionTypes=Buy,Buy_Auction,Compulsory_Auction&estateTypes=House,Apartment&locations=AD08DE8510
86199;1513;9;https://www.immowelt.de/classified-search?distributionTypes=Buy,Buy_Auction,Compulsory_Auction&estateTypes=House,Apartment&locations=AD08DE8231
85356;1585;9;https://www.immowelt.de/classified-search?distributionTypes=Buy,Buy_Auction,Compulsory_Auction&estateTypes=House,Apartment&locations=AD08DE6513
85221;1610;9;https://www.immowelt.de/classified-search?distributionTypes=Buy,Buy_Auction,Compulsory_Auction&estateTypes=House,Apartment&locations=AD08DE6413
85057;1639;9;https://www.immowelt.de/classified-search?distributionTypes=Buy,Buy_Auction,Compulsory_Auction&estateTypes=House,Apartment&locations=AD08DE6344
84095;1737;9;https://www.immowelt.de/classified-search?distributionTypes=Buy,Buy_Auction,Compulsory_Auction&estateTypes=House,Apartment&locations=AD08DE6976
84036;1753;9;https://www.immowelt.de/classified-search?distributionTypes=Buy,Buy_Auction,Compulsory_Auction&estateTypes=House,Apartment&locations=AD08DE6863
83026;1879;9;https://www.immowelt.de/classified-search?distributionTypes=Buy,Buy_Auction,Compulsory_Auction&estateTypes=House,Apartment&locations=AD08DE6346
82110;1963;9;https://www.immowelt.de/classified-search?distributionTypes=Buy,Buy_Auction,Compulsory_Auction&estateTypes=House,Apartment&locations=AD08DE6538
78532;2150;8;https://www.immowelt.de/classified-search?distributionTypes=Buy,Buy_Auction,Compulsory_Auction&estateTypes=House,Apartment&locations=AD08DE5992
78467;2153;8;https://www.immowelt.de/classified-search?distributionTypes=Buy,Buy_Auction,Compulsory_Auction&estateTypes=House,Apartment&locations=AD08DE6010
78224;2174;8;https://www.immowelt.de/classified-search?distributionTypes=Buy,Buy_Auction,Compulsory_Auction&estateTypes=House,Apartment&locations=AD08DE6012
78056;2195;8;https://www.immowelt.de/classified-search?distributionTypes=Buy,Buy_Auction,Compulsory_Auction&estateTypes=House,Apartment&locations=AD08DE5960
77694;2244;8;https://www.immowelt.de/classified-search?distributionTypes=Buy,Buy_Auction,Compulsory_Auction&estateTypes=House,Apartment&locations=AD08DE5872
77656;2245;8;https://www.immowelt.de/classified-search?distributionTypes=Buy,Buy_Auction,Compulsory_Auction&estateTypes=House,Apartment&locations=AD08DE5907
76829;2261;7;https://www.immowelt.de/classified-search?distributionTypes=Buy,Buy_Auction,Compulsory_Auction&estateTypes=House,Apartment&locations=AD08DE5056
76646;2286;8;https://www.immowelt.de/classified-search?distributionTypes=Buy,Buy_Auction,Compulsory_Auction&estateTypes=House,Apartment&locations=AD08DE5606
76534;2294;8;https://www.immowelt.de/classified-search?distributionTypes=Buy,Buy_Auction,Compulsory_Auction&estateTypes=House,Apartment&locations=AD08DE5584
76437;2305;8;https://www.immowelt.de/classified-search?distributionTypes=Buy,Buy_Auction,Compulsory_Auction&estateTypes=House,Apartment&locations=AD08DE5635
76275;2316;8;https://www.immowelt.de/classified-search?distributionTypes=Buy,Buy_Auction,Compulsory_Auction&estateTypes=House,Apartment&locations=AD08DE5586
76229;2317;8;https://www.immowelt.de/classified-search?distributionTypes=Buy,Buy_Auction,Compulsory_Auction&estateTypes=House,Apartment&locations=AD08DE5585
75181;2357;8;https://www.immowelt.de/classified-search?distributionTypes=Buy,Buy_Auction,Compulsory_Auction&estateTypes=House,Apartment&locations=AD08DE5724
74889;2384;8;https://www.immowelt.de/classified-search?distributionTypes=Buy,Buy_Auction,Compulsory_Auction&estateTypes=House,Apartment&locations=AD08DE5713
74867;2385;8;https://www.immowelt.de/classified-search?distributionTypes=Buy,Buy_Auction,Compulsory_Auction&estateTypes=House,Apartment&locations=AD08DE5651
74321;2472;8;https://www.immowelt.de/classified-search?distributionTypes=Buy,Buy_Auction,Compulsory_Auction&estateTypes=House,Apartment&locations=AD08DE5371
74081;2502;8;https://www.immowelt.de/classified-search?distributionTypes=Buy,Buy_Auction,Compulsory_Auction&estateTypes=House,Apartment&locations=AD08DE5420
73614;635;8;https://www.immowelt.de/classified-search?distributionTypes=Buy,Buy_Auction,Compulsory_Auction&estateTypes=House,Apartment&locations=AD08DE5410
73434;2554;8;https://www.immowelt.de/classified-search?distributionTypes=Buy,Buy_Auction,Compulsory_Auction&estateTypes=House,Apartment&locations=AD08DE5549
73230;2581;8;https://www.immowelt.de/classified-search?distributionTypes=Buy,Buy_Auction,Compulsory_Auction&estateTypes=House,Apartment&locations=AD08DE5278
72770;2616;8;https://www.immowelt.de/classified-search?distributionTypes=Buy,Buy_Auction,Compulsory_Auction&estateTypes=House,Apartment&locations=AD08DE6092
72461;2659;8;https://www.immowelt.de/classified-search?distributionTypes=Buy,Buy_Auction,Compulsory_Auction&estateTypes=House,Apartment&locations=AD08DE6135
72336;2680;8;https://www.immowelt.de/classified-search?distributionTypes=Buy,Buy_Auction,Compulsory_Auction&estateTypes=House,Apartment&locations=AD08DE6136
71642;2736;8;https://www.immowelt.de/classified-search?distributionTypes=Buy,Buy_Auction,Compulsory_Auction&estateTypes=House,Apartment&locations=AD08DE5355
71522;2750;8;https://www.immowelt.de/classified-search?distributionTypes=Buy,Buy_Auction,Compulsory_Auction&estateTypes=House,Apartment&locations=AD08DE5402
71336;2756;8;https://www.immowelt.de/classified-search?distributionTypes=Buy,Buy_Auction,Compulsory_Auction&estateTypes=House,Apartment&locations=AD08DE5394
71229;2767;8;https://www.immowelt.de/classified-search?distributionTypes=Buy,Buy_Auction,Compulsory_Auction&estateTypes=House,Apartment&locations=AD08DE5243
71069;2784;8;https://www.immowelt.de/classified-search?distributionTypes=Buy,Buy_Auction,Compulsory_Auction&estateTypes=House,Apartment&locations=AD08DE5248
70794;2789;8;https://www.immowelt.de/classified-search?distributionTypes=Buy,Buy_Auction,Compulsory_Auction&estateTypes=House,Apartment&locations=AD08DE5273
70771;2790;8;https://www.immowelt.de/classified-search?distributionTypes=Buy,Buy_Auction,Compulsory_Auction&estateTypes=House,Apartment&locations=AD08DE5274
70736;2791;8;https://www.immowelt.de/classified-search?distributionTypes=Buy,Buy_Auction,Compulsory_Auction&estateTypes=House,Apartment&locations=AD08DE5390
70619;2793;8;https://www.immowelt.de/classified-search?distributionTypes=Buy,Buy_Auction,Compulsory_Auction&estateTypes=House,Apartment&locations=AD08DE5241
69469;2802;8;https://www.immowelt.de/classified-search?distributionTypes=Buy,Buy_Auction,Compulsory_Auction&estateTypes=House,Apartment&locations=AD08DE5685
69126;2826;8;https://www.immowelt.de/classified-search?distributionTypes=Buy,Buy_Auction,Compulsory_Auction&estateTypes=House,Apartment&locations=AD08DE5641
68309;2846;8;https://www.immowelt.de/classified-search?distributionTypes=Buy,Buy_Auction,Compulsory_Auction&estateTypes=House,Apartment&locations=AD08DE5642
67663;2905;7;https://www.immowelt.de/classified-search?distributionTypes=Buy,Buy_Auction,Compulsory_Auction&estateTypes=House,Apartment&locations=AD08DE4605
67580;2918;7;https://www.immowelt.de/classified-search?distributionTypes=Buy,Buy_Auction,Compulsory_Auction&estateTypes=House,Apartment&locations=AD08DE4642
67551;2923;7;https://www.immowelt.de/classified-search?distributionTypes=Buy,Buy_Auction,Compulsory_Auction&estateTypes=House,Apartment&locations=AD08DE4612
67346;2950;7;https://www.immowelt.de/classified-search?distributionTypes=Buy,Buy_Auction,Compulsory_Auction&estateTypes=House,Apartment&locations=AD08DE4611
67071;3004;7;https://www.immowelt.de/classified-search?distributionTypes=Buy,Buy_Auction,Compulsory_Auction&estateTypes=House,Apartment&locations=AD08DE4607
66955;3015;7;https://www.immowelt.de/classified-search?distributionTypes=Buy,Buy_Auction,Compulsory_Auction&estateTypes=House,Apartment&locations=AD08DE4610
66740;3046;10;https://www.immowelt.de/classified-search?distributionTypes=Buy,Buy_Auction,Compulsory_Auction&estateTypes=House,Apartment&locations=AD08DE8610
66540;2385;10;https://www.immowelt.de/classified-search?distributionTypes=Buy,Buy_Auction,Compulsory_Auction&estateTypes=House,Apartment&locations=AD08DE8602
66424;3081;10;https://www.immowelt.de/classified-search?distributionTypes=Buy,Buy_Auction,Compulsory_Auction&estateTypes=House,Apartment&locations=AD08DE8622
66386;3083;10;https://www.immowelt.de/classified-search?distributionTypes=Buy,Buy_Auction,Compulsory_Auction&estateTypes=House,Apartment&locations=AD08DE8625
65936;3095;6;https://www.immowelt.de/classified-search?distributionTypes=Buy,Buy_Auction,Compulsory_Auction&estateTypes=House,Apartment&locations=AD08DE2509
65719;3105;6;https://www.immowelt.de/classified-search?distributionTypes=Buy,Buy_Auction,Compulsory_Auction&estateTypes=House,Apartment&locations=AD08DE2621
65205;3146;6;https://www.immowelt.de/classified-search?distributionTypes=Buy,Buy_Auction,Compulsory_Auction&estateTypes=House,Apartment&locations=AD08DE2511
64625;3169;6;https://www.immowelt.de/classified-search?distributionTypes=Buy,Buy_Auction,Compulsory_Auction&estateTypes=House,Apartment&locations=AD08DE2513
64297;3194;6;https://www.immowelt.de/classified-search?distributionTypes=Buy,Buy_Auction,Compulsory_Auction&estateTypes=House,Apartment&locations=AD08DE2508
63930;2385;9;https://www.immowelt.de/classified-search?distributionTypes=Buy,Buy_Auction,Compulsory_Auction&estateTypes=House,Apartment&locations=AD08DE8078
63743;3246;9;https://www.immowelt.de/classified-search?distributionTypes=Buy,Buy_Auction,Compulsory_Auction&estateTypes=House,Apartment&locations=AD08DE7871
63477;3279;6;https://www.immowelt.de/classified-search?distributionTypes=Buy,Buy_Auction,Compulsory_Auction&estateTypes=House,Apartment&locations=AD08DE2603
63303;3283;6;https://www.immowelt.de/classified-search?distributionTypes=Buy,Buy_Auction,Compulsory_Auction&estateTypes=House,Apartment&locations=AD08DE2640
63225;3285;6;https://www.immowelt.de/classified-search?distributionTypes=Buy,Buy_Auction,Compulsory_Auction&estateTypes=House,Apartment&locations=AD08DE2644
63110;3290;6;https://www.immowelt.de/classified-search?distributionTypes=Buy,Buy_Auction,Compulsory_Auction&estateTypes=House,Apartment&locations=AD08DE2649
59823;3330;5;https://www.immowelt.de/classified-search?distributionTypes=Buy,Buy_Auction,Compulsory_Auction&estateTypes=House,Apartment&locations=AD08DE2439
59558;3336;5;https://www.immowelt.de/classified-search?distributionTypes=Buy,Buy_Auction,Compulsory_Auction&estateTypes=House,Apartment&locations=AD08DE2490
59494;3341;5;https://www.immowelt.de/classified-search?distributionTypes=Buy,Buy_Auction,Compulsory_Auction&estateTypes=House,Apartment&locations=AD08DE2493
59427;3345;5;https://www.immowelt.de/classified-search?distributionTypes=Buy,Buy_Auction,Compulsory_Auction&estateTypes=House,Apartment&locations=AD08DE2506
59269;3355;5;https://www.immowelt.de/classified-search?distributionTypes=Buy,Buy_Auction,Compulsory_Auction&estateTypes=House,Apartment&locations=AD08DE2343
59229;3356;5;https://www.immowelt.de/classified-search?distributionTypes=Buy,Buy_Auction,Compulsory_Auction&estateTypes=House,Apartment&locations=AD08DE2342
59192;3358;5;https://www.immowelt.de/classified-search?distributionTypes=Buy,Buy_Auction,Compulsory_Auction&estateTypes=House,Apartment&locations=AD08DE2498
59174;3359;5;https://www.immowelt.de/classified-search?distributionTypes=Buy,Buy_Auction,Compulsory_Auction&estateTypes=House,Apartment&locations=AD08DE2502
59077;2918;5;https://www.immowelt.de/classified-search?distributionTypes=Buy,Buy_Auction,Compulsory_Auction&estateTypes=House,Apartment&locations=AD08DE2428
58710;3369;5;https://www.immowelt.de/classified-search?distributionTypes=Buy,Buy_Auction,Compulsory_Auction&estateTypes=House,Apartment&locations=AD08DE2460
58675;3370;5;https://www.immowelt.de/classified-search?distributionTypes=Buy,Buy_Auction,Compulsory_Auction&estateTypes=House,Apartment&locations=AD08DE2454
58644;3371;5;https://www.immowelt.de/classified-search?distributionTypes=Buy,Buy_Auction,Compulsory_Auction&estateTypes=House,Apartment&locations=AD08DE2456
58456;3377;5;https://www.immowelt.de/classified-search?distributionTypes=Buy,Buy_Auction,Compulsory_Auction&estateTypes=House,Apartment&locations=AD08DE2438
58239;3383;5;https://www.immowelt.de/classified-search?distributionTypes=Buy,Buy_Auction,Compulsory_Auction&estateTypes=House,Apartment&locations=AD08DE2504
58135;3384;5;https://www.immowelt.de/classified-search?distributionTypes=Buy,Buy_Auction,Compulsory_Auction&estateTypes=House,Apartment&locations=AD08DE2427
57290;2385;5;https://www.immowelt.de/classified-search?distributionTypes=Buy,Buy_Auction,Compulsory_Auction&estateTypes=House,Apartment&locations=AD08DE2481
57080;3435;5;https://www.immowelt.de/classified-search?distributionTypes=Buy,Buy_Auction,Compulsory_Auction&estateTypes=House,Apartment&locations=AD08DE2482
56567;3491;7;https://www.immowelt.de/classified-search?distributionTypes=Buy,Buy_Auction,Compulsory_Auction&estateTypes=House,Apartment&locations=AD08DE3520
56077;3561;7;https://www.immowelt.de/classified-search?distributionTypes=Buy,Buy_Auction,Compulsory_Auction&estateTypes=House,Apartment&locations=AD08DE2936
55583;3588;7;https://www.immowelt.de/classified-search?distributionTypes=Buy,Buy_Auction,Compulsory_Auction&estateTypes=House,Apartment&locations=AD08DE3130
55131;3644;7;https://www.immowelt.de/classified-search?distributionTypes=Buy,Buy_Auction,Compulsory_Auction&estateTypes=House,Apartment&locations=AD08DE4608
54295;3745;7;https://www.immowelt.de/classified-search?distributionTypes=Buy,Buy_Auction,Compulsory_Auction&estateTypes=House,Apartment&locations=AD08DE4048
53881;3757;5;https://www.immowelt.de/classified-search?distributionTypes=Buy,Buy_Auction,Compulsory_Auction&estateTypes=House,Apartment&locations=AD08DE2219
53859;3758;5;https://www.immowelt.de/classified-search?distributionTypes=Buy,Buy_Auction,Compulsory_Auction&estateTypes=House,Apartment&locations=AD08DE2268
53844;3759;5;https://www.immowelt.de/classified-search?distributionTypes=Buy,Buy_Auction,Compulsory_Auction&estateTypes=House,Apartment&locations=AD08DE2274
53757;3763;5;https://www.immowelt.de/classified-search?distributionTypes=Buy,Buy_Auction,Compulsory_Auction&estateTypes=House,Apartment&locations=AD08DE2271
53721;3764;5;https://www.immowelt.de/classified-search?distributionTypes=Buy,Buy_Auction,Compulsory_Auction&estateTypes=House,Apartment&locations=AD08DE2272
53332;3796;5;https://www.immowelt.de/classified-search?distributionTypes=Buy,Buy_Auction,Compulsory_Auction&estateTypes=House,Apartment&locations=AD08DE2260
53229;3797;5;https://www.immowelt.de/classified-search?distributionTypes=Buy,Buy_Auction,Compulsory_Auction&estateTypes=House,Apartment&locations=AD08DE2178
52477;3803;5;https://www.immowelt.de/classified-search?distributionTypes=Buy,Buy_Auction,Compulsory_Auction&estateTypes=House,Apartment&locations=AD08DE2182
52249;3818;5;https://www.immowelt.de/classified-search?distributionTypes=Buy,Buy_Auction,Compulsory_Auction&estateTypes=House,Apartment&locations=AD08DE2184
52224;3819;5;https://www.immowelt.de/classified-search?distributionTypes=Buy,Buy_Auction,Compulsory_Auction&estateTypes=House,Apartment&locations=AD08DE2189
52134;3825;5;https://www.immowelt.de/classified-search?distributionTypes=Buy,Buy_Auction,Compulsory_Auction&estateTypes=House,Apartment&locations=AD08DE2185
52080;3826;5;https://www.immowelt.de/classified-search?distributionTypes=Buy,Buy_Auction,Compulsory_Auction&estateTypes=House,Apartment&locations=AD08DE2181
51647;3831;5;https://www.immowelt.de/classified-search?distributionTypes=Buy,Buy_Auction,Compulsory_Auction&estateTypes=House,Apartment&locations=AD08DE2239
51469;3839;5;https://www.immowelt.de/classified-search?distributionTypes=Buy,Buy_Auction,Compulsory_Auction&estateTypes=House,Apartment&locations=AD08DE2250
51381;3841;5;https://www.immowelt.de/classified-search?distributionTypes=Buy,Buy_Auction,Compulsory_Auction&estateTypes=House,Apartment&locations=AD08DE2180
50389;3843;5;https://www.immowelt.de/classified-search?distributionTypes=Buy,Buy_Auction,Compulsory_Auction&estateTypes=House,Apartment&locations=AD08DE2215
50374;3844;5;https://www.immowelt.de/classified-search?distributionTypes=Buy,Buy_Auction,Compulsory_Auction&estateTypes=House,Apartment&locations=AD08DE2210
50259;3846;5;https://www.immowelt.de/classified-search?distributionTypes=Buy,Buy_Auction,Compulsory_Auction&estateTypes=House,Apartment&locations=AD08DE2214
50226;3847;5;https://www.immowelt.de/classified-search?distributionTypes=Buy,Buy_Auction,Compulsory_Auction&estateTypes=House,Apartment&locations=AD08DE2211
50171;3850;5;https://www.immowelt.de/classified-search?distributionTypes=Buy,Buy_Auction,Compulsory_Auction&estateTypes=House,Apartment&locations=AD08DE2213
50129;1428;5;https://www.immowelt.de/classified-search?distributionTypes=Buy,Buy_Auction,Compulsory_Auction&estateTypes=House,Apartment&locations=AD08DE2207
49811;3861;3;https://www.immowelt.de/classified-search?distributionTypes=Buy,Buy_Auction,Compulsory_Auction&estateTypes=House,Apartment&locations=AD08DE1914
49716;3873;3;https://www.immowelt.de/classified-search?distributionTypes=Buy,Buy_Auction,Compulsory_Auction&estateTypes=House,Apartment&locations=AD08DE1915
49328;3922;3;https://www.immowelt.de/classified-search?distributionTypes=Buy,Buy_Auction,Compulsory_Auction&estateTypes=House,Apartment&locations=AD08DE2051
48683;3946;5;https://www.immowelt.de/classified-search?distributionTypes=Buy,Buy_Auction,Compulsory_Auction&estateTypes=House,Apartment&locations=AD08DE2280
48653;3947;5;https://www.immowelt.de/classified-search?distributionTypes=Buy,Buy_Auction,Compulsory_Auction&estateTypes=House,Apartment&locations=AD08DE2299
48599;3953;5;https://www.immowelt.de/classified-search?distributionTypes=Buy,Buy_Auction,Compulsory_Auction&estateTypes=House,Apartment&locations=AD08DE2284
48565;3954;5;https://www.immowelt.de/classified-search?distributionTypes=Buy,Buy_Auction,Compulsory_Auction&estateTypes=House,Apartment&locations=AD08DE2338
48531;3955;3;https://www.immowelt.de/classified-search?distributionTypes=Buy,Buy_Auction,Compulsory_Auction&estateTypes=House,Apartment&locations=AD08DE1979
48432;3964;5;https://www.immowelt.de/classified-search?distributionTypes=Buy,Buy_Auction,Compulsory_Auction&estateTypes=House,Apartment&locations=AD08DE2336
48282;3978;5;https://www.immowelt.de/classified-search?distributionTypes=Buy,Buy_Auction,Compulsory_Auction&estateTypes=House,Apartment&locations=AD08DE2319
48268;3979;5;https://www.immowelt.de/classified-search?distributionTypes=Buy,Buy_Auction,Compulsory_Auction&estateTypes=House,Apartment&locations=AD08DE2320
48231;3981;5;https://www.immowelt.de/classified-search?distributionTypes=Buy,Buy_Auction,Compulsory_Auction&estateTypes=House,Apartment&locations=AD08DE2354
47906;3984;5;https://www.immowelt.de/classified-search?distributionTypes=Buy,Buy_Auction,Compulsory_Auction&estateTypes=House,Apartment&locations=AD08DE2158
47877;3985;5;https://www.immowelt.de/classified-search?distributionTypes=Buy,Buy_Auction,Compulsory_Auction&estateTypes=House,Apartment&locations=AD08DE2164
47839;3986;5;https://www.immowelt.de/classified-search?distributionTypes=Buy,Buy_Auction,Compulsory_Auction&estateTypes=House,Apartment&locations=AD08DE2115
47608;3998;5;https://www.immowelt.de/classified-search?distributionTypes=Buy,Buy_Auction,Compulsory_Auction&estateTypes=House,Apartment&locations=AD08DE2124
47533;4004;5;https://www.immowelt.de/classified-search?distributionTypes=Buy,Buy_Auction,Compulsory_Auction&estateTypes=House,Apartment&locations=AD08DE2130
47475;4008;5;https://www.immowelt.de/classified-search?distributionTypes=Buy,Buy_Auction,Compulsory_Auction&estateTypes=House,Apartment&locations=AD08DE2169
47447;4009;5;https://www.immowelt.de/classified-search?distributionTypes=Buy,Buy_Auction,Compulsory_Auction&estateTypes=House,Apartment&locations=AD08DE2170
47279;4010;5;https://www.immowelt.de/classified-search?distributionTypes=Buy,Buy_Auction,Compulsory_Auction&estateTypes=House,Apartment&locations=AD08DE2113
46539;4013;5;https://www.immowelt.de/classified-search?distributionTypes=Buy,Buy_Auction,Compulsory_Auction&estateTypes=House,Apartment&locations=AD08DE2166
46487;4018;5;https://www.immowelt.de/classified-search?distributionTypes=Buy,Buy_Auction,Compulsory_Auction&estateTypes=House,Apartment&locations=AD08DE2176
46399;4023;5;https://www.immowelt.de/classified-search?distributionTypes=Buy,Buy_Auction,Compulsory_Auction&estateTypes=House,Apartment&locations=AD08DE2281
46325;4028;5;https://www.immowelt.de/classified-search?distributionTypes=Buy,Buy_Auction,Compulsory_Auction&estateTypes=House,Apartment&locations=AD08DE2282
46286;4029;5;https://www.immowelt.de/classified-search?distributionTypes=Buy,Buy_Auction,Compulsory_Auction&estateTypes=House,Apartment&locations=AD08DE2310
46242;4030;5;https://www.immowelt.de/classified-search?distributionTypes=Buy,Buy_Auction,Compulsory_Auction&estateTypes=House,Apartment&locations=AD08DE2277
46149;1414;5;https://www.immowelt.de/classified-search?distributionTypes=Buy,Buy_Auction,Compulsory_Auction&estateTypes=House,Apartment&locations=AD08DE2118
45968;4031;5;https://www.immowelt.de/classified-search?distributionTypes=Buy,Buy_Auction,Compulsory_Auction&estateTypes=House,Apartment&locations=AD08DE2311
45899;4032;5;https://www.immowelt.de/classified-search?distributionTypes=Buy,Buy_Auction,Compulsory_Auction&estateTypes=House,Apartment&locations=AD08DE2278
45772;4034;5;https://www.immowelt.de/classified-search?distributionTypes=Buy,Buy_Auction,Compulsory_Auction&estateTypes=House,Apartment&locations=AD08DE2314
45711;4038;5;https://www.immowelt.de/classified-search?distributionTypes=Buy,Buy_Auction,Compulsory_Auction&estateTypes=House,Apartment&locations=AD08DE2309
45701;4039;5;https://www.immowelt.de/classified-search?distributionTypes=Buy,Buy_Auction,Compulsory_Auction&estateTypes=House,Apartment&locations=AD08DE2313
45665;4040;5;https://www.immowelt.de/classified-search?distributionTypes=Buy,Buy_Auction,Compulsory_Auction&estateTypes=House,Apartment&locations=AD08DE2316
45529;4042;5;https://www.immowelt.de/classified-search?distributionTypes=Buy,Buy_Auction,Compulsory_Auction&estateTypes=House,Apartment&locations=AD08DE2433
45359;4044;5;https://www.immowelt.de/classified-search?distributionTypes=Buy,Buy_Auction,Compulsory_Auction&estateTypes=House,Apartment&locations=AD08DE2114
44894;4045;5;https://www.immowelt.de/classified-search?distributionTypes=Buy,Buy_Auction,Compulsory_Auction&estateTypes=House,Apartment&locations=AD08DE2425
44653;4046;5;https://www.immowelt.de/classified-search?distributionTypes=Buy,Buy_Auction,Compulsory_Auction&estateTypes=House,Apartment&locations=AD08DE2429
44581;4047;5;https://www.immowelt.de/classified-search?distributionTypes=Buy,Buy_Auction,Compulsory_Auction&estateTypes=House,Apartment&locations=AD08DE2308
44388;4049;5;https://www.immowelt.de/classified-search?distributionTypes=Buy,Buy_Auction,Compulsory_Auction&estateTypes=House,Apartment&locations=AD08DE2426
42929;4050;5;https://www.immowelt.de/classified-search?distributionTypes=Buy,Buy_Auction,Compulsory_Auction&estateTypes=House,Apartment&locations=AD08DE2257
42899;4051;5;https://www.immowelt.de/classified-search?distributionTypes=Buy,Buy_Auction,Compulsory_Auction&estateTypes=House,Apartment&locations=AD08DE2119
42719;4054;5;https://www.immowelt.de/classified-search?distributionTypes=Buy,Buy_Auction,Compulsory_Auction&estateTypes=House,Apartment&locations=AD08DE2120
42555;4056;5;https://www.immowelt.de/classified-search?distributionTypes=Buy,Buy_Auction,Compulsory_Auction&estateTypes=House,Apartment&locations=AD08DE2146
42399;4059;5;https://www.immowelt.de/classified-search?distributionTypes=Buy,Buy_Auction,Compulsory_Auction&estateTypes=House,Apartment&locations=AD08DE2121
41812;4063;5;https://www.immowelt.de/classified-search?distributionTypes=Buy,Buy_Auction,Compulsory_Auction&estateTypes=House,Apartment&locations=AD08DE2227
41751;4064;5;https://www.immowelt.de/classified-search?distributionTypes=Buy,Buy_Auction,Compulsory_Auction&estateTypes=House,Apartment&locations=AD08DE2163
41564;4066;5;https://www.immowelt.de/classified-search?distributionTypes=Buy,Buy_Auction,Compulsory_Auction&estateTypes=House,Apartment&locations=AD08DE2151
41542;4067;5;https://www.immowelt.de/classified-search?distributionTypes=Buy,Buy_Auction,Compulsory_Auction&estateTypes=House,Apartment&locations=AD08DE2148
41517;4068;5;https://www.immowelt.de/classified-search?distributionTypes=Buy,Buy_Auction,Compulsory_Auction&estateTypes=House,Apartment&locations=AD08DE2149
41472;4069;5;https://www.immowelt.de/classified-search?distributionTypes=Buy,Buy_Auction,Compulsory_Auction&estateTypes=House,Apartment&locations=AD08DE2154
41334;4075;5;https://www.immowelt.de/classified-search?distributionTypes=Buy,Buy_Auction,Compulsory_Auction&estateTypes=House,Apartment&locations=AD08DE2159
40885;4077;5;https://www.immowelt.de/classified-search?distributionTypes=Buy,Buy_Auction,Compulsory_Auction&estateTypes=House,Apartment&locations=AD08DE2145
40822;4078;5;https://www.immowelt.de/classified-search?distributionTypes=Buy,Buy_Auction,Compulsory_Auction&estateTypes=House,Apartment&locations=AD08DE2143
40789;4079;5;https://www.immowelt.de/classified-search?distributionTypes=Buy,Buy_Auction,Compulsory_Auction&estateTypes=House,Apartment&locations=AD08DE2144
40764;910;5;https://www.immowelt.de/classified-search?distributionTypes=Buy,Buy_Auction,Compulsory_Auction&estateTypes=House,Apartment&locations=AD08DE2142
40724;4080;5;https://www.immowelt.de/classified-search?distributionTypes=Buy,Buy_Auction,Compulsory_Auction&estateTypes=House,Apartment&locations=AD08DE2141
40699;4082;5;https://www.immowelt.de/classified-search?distributionTypes=Buy,Buy_Auction,Compulsory_Auction&estateTypes=House,Apartment&locations=AD08DE2138
40670;4083;5;https://www.immowelt.de/classified-search?distributionTypes=Buy,Buy_Auction,Compulsory_Auction&estateTypes=House,Apartment&locations=AD08DE2153
39576;4095;15;https://www.immowelt.de/classified-search?distributionTypes=Buy,Buy_Auction,Compulsory_Auction&estateTypes=House,Apartment&locations=AD08DE10418
39130;4131;15;https://www.immowelt.de/classified-search?distributionTypes=Buy,Buy_Auction,Compulsory_Auction&estateTypes=House,Apartment&locations=AD08DE10233
38879;4135;15;https://www.immowelt.de/classified-search?distributionTypes=Buy,Buy_Auction,Compulsory_Auction&estateTypes=House,Apartment&locations=AD08DE10336
38820;4144;15;https://www.immowelt.de/classified-search?distributionTypes=Buy,Buy_Auction,Compulsory_Auction&estateTypes=House,Apartment&locations=AD08DE10327
38690;4151;3;https://www.immowelt.de/classified-search?distributionTypes=Buy,Buy_Auction,Compulsory_Auction&estateTypes=House,Apartment&locations=AD08DE1193
38518;4173;3;https://www.immowelt.de/classified-search?distributionTypes=Buy,Buy_Auction,Compulsory_Auction&estateTypes=House,Apartment&locations=AD08DE1117
38448;4191;3;https://www.immowelt.de/classified-search?distributionTypes=Buy,Buy_Auction,Compulsory_Auction&estateTypes=House,Apartment&locations=AD08DE1116
38259;4221;3;https://www.immowelt.de/classified-search?distributionTypes=Buy,Buy_Auction,Compulsory_Auction&estateTypes=House,Apartment&locations=AD08DE1115
38126;4230;3;https://www.immowelt.de/classified-search?distributionTypes=Buy,Buy_Auction,Compulsory_Auction&estateTypes=House,Apartment&locations=AD08DE1114
36043;4368;6;https://www.immowelt.de/classified-search?distributionTypes=Buy,Buy_Auction,Compulsory_Auction&estateTypes=House,Apartment&locations=AD08DE2804
35586;4398;6;https://www.immowelt.de/classified-search?distributionTypes=Buy,Buy_Auction,Compulsory_Auction&estateTypes=House,Apartment&locations=AD08DE2734
35279;4428;6;https://www.immowelt.de/classified-search?distributionTypes=Buy,Buy_Auction,Compulsory_Auction&estateTypes=House,Apartment&locations=AD08DE2769
34582;4028;6;https://www.immowelt.de/classified-search?distributionTypes=Buy,Buy_Auction,Compulsory_Auction&estateTypes=House,Apartment&locations=AD08DE2869
34134;4523;6;https://www.immowelt.de/classified-search?distributionTypes=Buy,Buy_Auction,Compulsory_Auction&estateTypes=House,Apartment&locations=AD08DE2795
33739;4532;5;https://www.immowelt.de/classified-search?distributionTypes=Buy,Buy_Auction,Compulsory_Auction&estateTypes=House,Apartment&locations=AD08DE2355
33106;4549;5;https://www.immowelt.de/classified-search?distributionTypes=Buy,Buy_Auction,Compulsory_Auction&estateTypes=House,Apartment&locations=AD08DE2422
32791;4558;5;https://www.immowelt.de/classified-search?distributionTypes=Buy,Buy_Auction,Compulsory_Auction&estateTypes=House,Apartment&locations=AD08DE2397
32760;4559;5;https://www.immowelt.de/classified-search?distributionTypes=Buy,Buy_Auction,Compulsory_Auction&estateTypes=House,Apartment&locations=AD08DE2392
32549;4568;5;https://www.immowelt.de/classified-search?distributionTypes=Buy,Buy_Auction,Compulsory_Auction&estateTypes=House,Apartment&locations=AD08DE2404
32457;4571;5;https://www.immowelt.de/classified-search?distributionTypes=Buy,Buy_Auction,Compulsory_Auction&estateTypes=House,Apartment&locations=AD08DE2411
32429;4572;5;https://www.immowelt.de/classified-search?distributionTypes=Buy,Buy_Auction,Compulsory_Auction&estateTypes=House,Apartment&locations=AD08DE2409
32108;4584;5;https://www.immowelt.de/classified-search?distributionTypes=Buy,Buy_Auction,Compulsory_Auction&estateTypes=House,Apartment&locations=AD08DE2389
32052;4585;5;https://www.immowelt.de/classified-search?distributionTypes=Buy,Buy_Auction,Compulsory_Auction&estateTypes=House,Apartment&locations=AD08DE2371
31789;4595;3;https://www.immowelt.de/classified-search?distributionTypes=Buy,Buy_Auction,Compulsory_Auction&estateTypes=House,Apartment&locations=AD08DE1370
31515;4652;3;https://www.immowelt.de/classified-search?distributionTypes=Buy,Buy_Auction,Compulsory_Auction&estateTypes=House,Apartment&locations=AD08DE1318
31275;4655;3;https://www.immowelt.de/classified-search?distributionTypes=Buy,Buy_Auction,Compulsory_Auction&estateTypes=House,Apartment&locations=AD08DE1308
31228;4660;3;https://www.immowelt.de/classified-search?distributionTypes=Buy,Buy_Auction,Compulsory_Auction&estateTypes=House,Apartment&locations=AD08DE1258
31141;4673;3;https://www.immowelt.de/classified-search?distributionTypes=Buy,Buy_Auction,Compulsory_Auction&estateTypes=House,Apartment&locations=AD08DE1381
30880;4692;3;https://www.immowelt.de/classified-search?distributionTypes=Buy,Buy_Auction,Compulsory_Auction&estateTypes=House,Apartment&locations=AD08DE1306
30855;4693;3;https://www.immowelt.de/classified-search?distributionTypes=Buy,Buy_Auction,Compulsory_Auction&estateTypes=House,Apartment&locations=AD08DE1307
30827;4694;3;https://www.immowelt.de/classified-search?distributionTypes=Buy,Buy_Auction,Compulsory_Auction&estateTypes=House,Apartment&locations=AD08DE1302
30659;4696;3;https://www.immowelt.de/classified-search?distributionTypes=Buy,Buy_Auction,Compulsory_Auction&estateTypes=House,Apartment&locations=AD08DE1298
29525;4731;3;https://www.immowelt.de/classified-search?distributionTypes=Buy,Buy_Auction,Compulsory_Auction&estateTypes=House,Apartment&locations=AD08DE1824
29227;4794;3;https://www.immowelt.de/classified-search?distributionTypes=Buy,Buy_Auction,Compulsory_Auction&estateTypes=House,Apartment&locations=AD08DE1527
28779;4804;4;https://www.immowelt.de/classified-search?distributionTypes=Buy,Buy_Auction,Compulsory_Auction&estateTypes=House,Apartment&locations=AD08DE2110
27755;4811;3;https://www.immowelt.de/classified-search?distributionTypes=Buy,Buy_Auction,Compulsory_Auction&estateTypes=House,Apartment&locations=AD08DE1861
27628;3384;3;https://www.immowelt.de/classified-search?distributionTypes=Buy,Buy_Auction,Compulsory_Auction&estateTypes=House,Apartment&locations=AD08DE1551
27580;4821;4;https://www.immowelt.de/classified-search?distributionTypes=Buy,Buy_Auction,Compulsory_Auction&estateTypes=House,Apartment&locations=AD08DE2111
27478;4825;3;https://www.immowelt.de/classified-search?distributionTypes=Buy,Buy_Auction,Compulsory_Auction&estateTypes=House,Apartment&locations=AD08DE1547
26871;4881;3;https://www.immowelt.de/classified-search?distributionTypes=Buy,Buy_Auction,Compulsory_Auction&estateTypes=House,Apartment&locations=AD08DE1916
26789;4893;3;https://www.immowelt.de/classified-search?distributionTypes=Buy,Buy_Auction,Compulsory_Auction&estateTypes=House,Apartment&locations=AD08DE2005
26725;4897;3;https://www.immowelt.de/classified-search?distributionTypes=Buy,Buy_Auction,Compulsory_Auction&estateTypes=House,Apartment&locations=AD08DE1862
26607;4907;3;https://www.immowelt.de/classified-search?distributionTypes=Buy,Buy_Auction,Compulsory_Auction&estateTypes=House,Apartment&locations=AD08DE1872
26389;4929;3;https://www.immowelt.de/classified-search?distributionTypes=Buy,Buy_Auction,Compulsory_Auction&estateTypes=House,Apartment&locations=AD08DE1865
26122;4942;3;https://www.immowelt.de/classified-search?distributionTypes=Buy,Buy_Auction,Compulsory_Auction&estateTypes=House,Apartment&locations=AD08DE1863
25421;5066;1;https://www.immowelt.de/classified-search?distributionTypes=Buy,Buy_Auction,Compulsory_Auction&estateTypes=House,Apartment&locations=AD08DE429
25337;5080;1;https://www.immowelt.de/classified-search?distributionTypes=Buy,Buy_Auction,Compulsory_Auction&estateTypes=House,Apartment&locations=AD08DE425
24944;5100;1;https://www.immowelt.de/classified-search?distributionTypes=Buy,Buy_Auction,Compulsory_Auction&estateTypes=House,Apartment&locations=AD08DE1
24159;5243;1;https://www.immowelt.de/classified-search?distributionTypes=Buy,Buy_Auction,Compulsory_Auction&estateTypes=House,Apartment&locations=AD08DE2
23970;5251;13;https://www.immowelt.de/classified-search?distributionTypes=Buy,Buy_Auction,Compulsory_Auction&estateTypes=House,Apartment&locations=AD08DE9434
23730;4428;1;https://www.immowelt.de/classified-search?distributionTypes=Buy,Buy_Auction,Compulsory_Auction&estateTypes=House,Apartment&locations=AD08DE420
22851;5338;1;https://www.immowelt.de/classified-search?distributionTypes=Buy,Buy_Auction,Compulsory_Auction&estateTypes=House,Apartment&locations=AD08DE856
22769;5339;2;https://www.immowelt.de/classified-search?distributionTypes=Buy,Buy_Auction,Compulsory_Auction&estateTypes=House,Apartment&locations=AD08DE1113
21684;5372;3;https://www.immowelt.de/classified-search?distributionTypes=Buy,Buy_Auction,Compulsory_Auction&estateTypes=House,Apartment&locations=AD08DE1786
21614;5382;3;https://www.immowelt.de/classified-search?distributionTypes=Buy,Buy_Auction,Compulsory_Auction&estateTypes=House,Apartment&locations=AD08DE1783
21244;5445;3;https://www.immowelt.de/classified-search?distributionTypes=Buy,Buy_Auction,Compulsory_Auction&estateTypes=House,Apartment&locations=AD08DE1577
21220;5448;3;https://www.immowelt.de/classified-search?distributionTypes=Buy,Buy_Auction,Compulsory_Auction&estateTypes=House,Apartment&locations=AD08DE1580
19063;5483;13;https://www.immowelt.de/classified-search?distributionTypes=Buy,Buy_Auction,Compulsory_Auction&estateTypes=House,Apartment&locations=AD08DE9053
18439;5500;13;https://www.immowelt.de/classified-search?distributionTypes=Buy,Buy_Auction,Compulsory_Auction&estateTypes=House,Apartment&locations=AD08DE9332
18147;5521;13;https://www.immowelt.de/classified-search?distributionTypes=Buy,Buy_Auction,Compulsory_Auction&estateTypes=House,Apartment&locations=AD08DE9052
17493;5528;13;https://www.immowelt.de/classified-search?distributionTypes=Buy,Buy_Auction,Compulsory_Auction&estateTypes=House,Apartment&locations=AD08DE9519
17036;5589;13;https://www.immowelt.de/classified-search?distributionTypes=Buy,Buy_Auction,Compulsory_Auction&estateTypes=House,Apartment&locations=AD08DE9057
16227;5631;12;https://www.immowelt.de/classified-search?distributionTypes=Buy,Buy_Auction,Compulsory_Auction&estateTypes=House,Apartment&locations=AD08DE8641
14612;5707;12;https://www.immowelt.de/classified-search?distributionTypes=Buy,Buy_Auction,Compulsory_Auction&estateTypes=House,Apartment&locations=AD08DE8736
14482;5717;12;https://www.immowelt.de/classified-search?distributionTypes=Buy,Buy_Auction,Compulsory_Auction&estateTypes=House,Apartment&locations=AD08DE8638
12689;5759;11;https://www.immowelt.de/classified-search?distributionTypes=Buy,Buy_Auction,Compulsory_Auction&estateTypes=House,Apartment&locations=AD08DE8634
